[
  {
    "cmd": [
      "vpython3",
      "-u",
      "RECIPE_MODULE[depot_tools::bot_update]/resources/bot_update.py",
      "--spec-path",
      "cache_dir = '[CACHE]/git'\nsolutions = [{'deps_file': '.DEPS.git', 'managed': True, 'name': 'src', 'url': 'https://chromium.googlesource.com/chromium/src.git'}]",
      "--revision_mapping_file",
      "{\"got_angle_revision\": \"src/third_party/angle\", \"got_cr_revision\": \"src\", \"got_revision\": \"src\", \"got_v8_revision\": \"src/v8\"}",
      "--git-cache-dir",
      "[CACHE]/git",
      "--cleanup-dir",
      "[CLEANUP]/bot_update",
      "--output_json",
      "/path/to/tmp/json",
      "--revision",
      "src@2d72510e447ab60a9728aeea2362d8be2cbd7789",
      "--revision",
      "src/v8@HEAD",
      "--refs",
      "refs/heads/main"
    ],
    "env": {
      "DEPOT_TOOLS_REPORT_BUILD": "chromium/src/ci/linux/8945511751514863184",
      "GIT_HTTP_LOW_SPEED_LIMIT": "102400",
      "GIT_HTTP_LOW_SPEED_TIME": "1800"
    },
    "env_suffixes": {
      "DEPOT_TOOLS_UPDATE": [
        "0"
      ],
      "PATH": [
        "RECIPE_REPO[depot_tools]"
      ]
    },
    "infra_step": true,
    "luci_context": {
      "realm": {
        "name": "chromium/src:ci"
      },
      "resultdb": {
        "current_invocation": {
          "name": "invocations/build:8945511751514863184",
          "update_token": "token"
        },
        "hostname": "rdbhost"
      }
    },
    "name": "bot_update (without patch)",
    "~followup_annotations": [
      "@@@STEP_LOG_LINE@json.output@{@@@",
      "@@@STEP_LOG_LINE@json.output@  \"did_run\": true@@@",
      "@@@STEP_LOG_LINE@json.output@}@@@",
      "@@@STEP_LOG_END@json.output@@@"
    ]
  },
  {
    "name": "$result"
  }
]