[
  {
    "cmd": [
      "python3",
      "-u",
      "RECIPE_MODULE[depot_tools::git]/resources/git_setup.py",
      "--path",
      "[START_DIR]/src",
      "--url",
      "https://chromium.googlesource.com/chromium/src.git"
    ],
    "luci_context": {
      "realm": {
        "name": "project:ci"
      },
      "resultdb": {
        "current_invocation": {
          "name": "invocations/build:8945511751514863184",
          "update_token": "token"
        },
        "hostname": "rdbhost"
      }
    },
    "name": "git setup"
  },
  {
    "cmd": [
      "git",
      "fetch",
      "origin",
      "testing",
      "--recurse-submodules",
      "--progress"
    ],
    "cwd": "[START_DIR]/src",
    "env": {
      "PATH": "RECIPE_REPO[depot_tools]:<PATH>"
    },
    "infra_step": true,
    "luci_context": {
      "realm": {
        "name": "project:ci"
      },
      "resultdb": {
        "current_invocation": {
          "name": "invocations/build:8945511751514863184",
          "update_token": "token"
        },
        "hostname": "rdbhost"
      }
    },
    "name": "git fetch"
  },
  {
    "cmd": [
      "git",
      "checkout",
      "-f",
      "FETCH_HEAD"
    ],
    "cwd": "[START_DIR]/src",
    "infra_step": true,
    "luci_context": {
      "realm": {
        "name": "project:ci"
      },
      "resultdb": {
        "current_invocation": {
          "name": "invocations/build:8945511751514863184",
          "update_token": "token"
        },
        "hostname": "rdbhost"
      }
    },
    "name": "git checkout"
  },
  {
    "cmd": [
      "git",
      "rev-parse",
      "HEAD"
    ],
    "cwd": "[START_DIR]/src",
    "infra_step": true,
    "luci_context": {
      "realm": {
        "name": "project:ci"
      },
      "resultdb": {
        "current_invocation": {
          "name": "invocations/build:8945511751514863184",
          "update_token": "token"
        },
        "hostname": "rdbhost"
      }
    },
    "name": "read revision",
    "~followup_annotations": [
      "@@@STEP_TEXT@<br/>checked out 'deadbeef'<br/>@@@"
    ]
  },
  {
    "cmd": [
      "git",
      "clean",
      "-f",
      "-d",
      "-x"
    ],
    "cwd": "[START_DIR]/src",
    "infra_step": true,
    "luci_context": {
      "realm": {
        "name": "project:ci"
      },
      "resultdb": {
        "current_invocation": {
          "name": "invocations/build:8945511751514863184",
          "update_token": "token"
        },
        "hostname": "rdbhost"
      }
    },
    "name": "git clean"
  },
  {
    "cmd": [
      "git",
      "submodule",
      "sync"
    ],
    "cwd": "[START_DIR]/src",
    "infra_step": true,
    "luci_context": {
      "realm": {
        "name": "project:ci"
      },
      "resultdb": {
        "current_invocation": {
          "name": "invocations/build:8945511751514863184",
          "update_token": "token"
        },
        "hostname": "rdbhost"
      }
    },
    "name": "submodule sync"
  },
  {
    "cmd": [
      "git",
      "submodule",
      "update",
      "--init",
      "--recursive"
    ],
    "cwd": "[START_DIR]/src",
    "infra_step": true,
    "luci_context": {
      "realm": {
        "name": "project:ci"
      },
      "resultdb": {
        "current_invocation": {
          "name": "invocations/build:8945511751514863184",
          "update_token": "token"
        },
        "hostname": "rdbhost"
      }
    },
    "name": "submodule update"
  },
  {
    "cmd": [
      "git",
      "-c",
      "foo=bar",
      "count-objects",
      "-v"
    ],
    "cwd": "[START_DIR]/src",
    "infra_step": true,
    "luci_context": {
      "realm": {
        "name": "project:ci"
      },
      "resultdb": {
        "current_invocation": {
          "name": "invocations/build:8945511751514863184",
          "update_token": "token"
        },
        "hostname": "rdbhost"
      }
    },
    "name": "count-objects"
  },
  {
    "cmd": [
      "git",
      "config",
      "--get",
      "remote.origin.url"
    ],
    "cwd": "[START_DIR]/src",
    "infra_step": true,
    "luci_context": {
      "realm": {
        "name": "project:ci"
      },
      "resultdb": {
        "current_invocation": {
          "name": "invocations/build:8945511751514863184",
          "update_token": "token"
        },
        "hostname": "rdbhost"
      }
    },
    "name": "git config remote.origin.url",
    "~followup_annotations": [
      "@@@STEP_TEXT@foo@@@"
    ]
  },
  {
    "cmd": [
      "git",
      "show",
      "HEAD",
      "--format=%at",
      "-s"
    ],
    "cwd": "[START_DIR]/src",
    "infra_step": true,
    "luci_context": {
      "realm": {
        "name": "project:ci"
      },
      "resultdb": {
        "current_invocation": {
          "name": "invocations/build:8945511751514863184",
          "update_token": "token"
        },
        "hostname": "rdbhost"
      }
    },
    "name": "git show"
  },
  {
    "cmd": [
      "git",
      "fetch",
      "origin",
      "--tags"
    ],
    "cwd": "[START_DIR]/src",
    "infra_step": true,
    "luci_context": {
      "realm": {
        "name": "project:ci"
      },
      "resultdb": {
        "current_invocation": {
          "name": "invocations/build:8945511751514863184",
          "update_token": "token"
        },
        "hostname": "rdbhost"
      }
    },
    "name": "git fetch tags"
  },
  {
    "cmd": [
      "git",
      "status"
    ],
    "cwd": "[START_DIR]/src",
    "infra_step": true,
    "luci_context": {
      "realm": {
        "name": "project:ci"
      },
      "resultdb": {
        "current_invocation": {
          "name": "invocations/build:8945511751514863184",
          "update_token": "token"
        },
        "hostname": "rdbhost"
      }
    },
    "name": "git status"
  },
  {
    "cmd": [
      "git",
      "status"
    ],
    "cwd": "[START_DIR]/src",
    "infra_step": true,
    "luci_context": {
      "realm": {
        "name": "project:ci"
      },
      "resultdb": {
        "current_invocation": {
          "name": "invocations/build:8945511751514863184",
          "update_token": "token"
        },
        "hostname": "rdbhost"
      }
    },
    "name": "git status can_fail_build"
  },
  {
    "cmd": [
      "git",
      "status"
    ],
    "cwd": "[START_DIR]/src",
    "infra_step": true,
    "luci_context": {
      "realm": {
        "name": "project:ci"
      },
      "resultdb": {
        "current_invocation": {
          "name": "invocations/build:8945511751514863184",
          "update_token": "token"
        },
        "hostname": "rdbhost"
      }
    },
    "name": "git status cannot_fail_build"
  },
  {
    "cmd": [
      "git",
      "new-branch",
      "refactor"
    ],
    "cwd": "[START_DIR]/src",
    "env": {
      "PATH": "RECIPE_REPO[depot_tools]:<PATH>"
    },
    "infra_step": true,
    "luci_context": {
      "realm": {
        "name": "project:ci"
      },
      "resultdb": {
        "current_invocation": {
          "name": "invocations/build:8945511751514863184",
          "update_token": "token"
        },
        "hostname": "rdbhost"
      }
    },
    "name": "git new-branch refactor"
  },
  {
    "cmd": [
      "git",
      "new-branch",
      "feature",
      "--upstream",
      "refactor"
    ],
    "cwd": "[START_DIR]/src",
    "env": {
      "PATH": "RECIPE_REPO[depot_tools]:<PATH>"
    },
    "infra_step": true,
    "luci_context": {
      "realm": {
        "name": "project:ci"
      },
      "resultdb": {
        "current_invocation": {
          "name": "invocations/build:8945511751514863184",
          "update_token": "token"
        },
        "hostname": "rdbhost"
      }
    },
    "name": "git new-branch feature"
  },
  {
    "cmd": [
      "git",
      "new-branch",
      "track_current",
      "--upstream_current"
    ],
    "cwd": "[START_DIR]/src",
    "env": {
      "PATH": "RECIPE_REPO[depot_tools]:<PATH>"
    },
    "infra_step": true,
    "luci_context": {
      "realm": {
        "name": "project:ci"
      },
      "resultdb": {
        "current_invocation": {
          "name": "invocations/build:8945511751514863184",
          "update_token": "token"
        },
        "hostname": "rdbhost"
      }
    },
    "name": "git new-branch track_current"
  },
  {
    "cmd": [
      "git",
      "rebase",
      "origin/main"
    ],
    "cwd": "[START_DIR]/src",
    "infra_step": true,
    "luci_context": {
      "realm": {
        "name": "project:ci"
      },
      "resultdb": {
        "current_invocation": {
          "name": "invocations/build:8945511751514863184",
          "update_token": "token"
        },
        "hostname": "rdbhost"
      }
    },
    "name": "my repo rebase"
  },
  {
    "cmd": [
      "git",
      "bundle",
      "create",
      "[START_DIR]/all.bundle",
      "--all"
    ],
    "cwd": "[START_DIR]/src",
    "infra_step": true,
    "luci_context": {
      "realm": {
        "name": "project:ci"
      },
      "resultdb": {
        "current_invocation": {
          "name": "invocations/build:8945511751514863184",
          "update_token": "token"
        },
        "hostname": "rdbhost"
      }
    },
    "name": "git bundle"
  },
  {
    "name": "$result"
  }
]